unit	mips_instructions	rom_runs	max_range	violations
80000000_1F3C1D9F	194	9	10	0
80000180_0F066096	4	1	6	0
8016F000_8633A366	131	10	12	0
8016F65C_16516131	151	2	11	0
8016F974_2CE4592B	161	6	11	0
8016FBB0_5A895C38	170	1	10	0
8016FE60_8C9A9248	225	4	10	0
80170480_6C00803D	216	9	12	0
80172F2C_485BEBE2	225	3	9	0
80173418_3859B330	178	8	12	0
80173AB0_8604BB7D	122	2	7	0
80173FA4_577BC439	224	1	6	0
801764E0_D0DF3512	216	10	12	0
80176B08_4D4F56EC	207	5	10	0
80176F88_1F78FC9F	219	2	9	0
80177318_2A62C9E3	222	3	11	0
801776BC_06CD6E56	205	10	11	0
80177B68_AB3139DD	212	6	9	0
80177EFC_73499FB0	206	15	11	0
8017899C_AEFA87CA	222	6	12	0
80179120_B8E38070	213	6	9	0
801799AC_45981AB7	212	9	12	0
8017A2A0_D3DD226D	245	3	7	0
8017A900_D056FEB9	208	4	7	0
8017AE2C_EE734072	140	2	7	0
8017B0D0_0C54EA27	224	1	7	0
8017B45C_DCA38D6F	222	6	9	0
8017B940_8F01A25A	203	9	12	0
8017C0DC_E451BBDA	236	16	7	0
8017C5FC_F9CD9243	217	12	9	0
8017D0A8_C13C755A	185	5	7	0
8017D3D4_C6255951	220	3	7	0
8017D75C_B479F853	219	6	7	0
8017DB38_0FDD4240	204	6	9	0
8017E554_0AE9CF0D	210	6	12	0
8017F6A8_3E03FE9A	192	5	12	0
8017FA3C_21C4FC08	112	1	7	0
8017FDA4_1EA0AF3D	202	3	7	0
80180AF0_908E3882	157	8	11	0
80180FE4_F5F66426	101	2	7	0
801814A8_B4759908	156	1	10	0
801818A0_2FD0CAC0	246	1	12	0
80181C84_79098015	105	4	9	0
80182B48_60C25608	171	1	12	0
80182DFC_2F95B266	195	2	7	0
801831E8_9F28D9EC	225	8	12	0
80183B60_1CBA57B7	208	7	7	0
80184194_3BD84334	190	8	9	0
8018468C_8AAA91A5	200	4	9	0
80184AB4_6D2B2E5D	214	11	9	0
80185010_2D286CAE	229	12	10	0
801854AC_F83E5D6C	226	8	10	0
80185B34_A08C68B2	128	3	7	0
80185D4C_C4107E88	215	2	7	0
80186180_59B70D19	209	16	7	0
801867B4_3F389FFD	210	15	7	0
80186D18_702A3820	213	13	9	0
80187874_80666F96	211	12	7	0
801880AC_3DF4F213	203	9	7	0
80188B7C_A0F1DAB2	225	11	7	0
8018940C_5D72CFF9	216	14	7	0
80189E28_18C3496E	208	19	7	0
8018A630_071470A9	207	17	7	0
8018B314_D9BA0F6E	203	18	9	0
8018C2F0_1E07E3D4	229	13	12	0
8018C938_CB1F2AC5	214	8	15	0
8018CD40_303B3521	207	10	7	0
8018D5D8_571851E1	200	8	12	0
8018E090_BF0EC7F9	234	9	12	0
8018EAC4_7B0B02C1	250	6	7	0
8018F2C8_DF9261E4	250	6	10	0
80191744_88720FC1	144	2	6	0
80192050_AF7789AF	203	1	9	0
8019237C_CF45D561	202	4	9	0
80193424_1EC7D969	215	3	9	0
801937EC_E3875E79	205	6	12	0
80193DA4_76EA79ED	148	2	12	0
8019408C_06A74854	179	1	7	0
80194360_0323FC28	208	7	12	0
80194C78_6A1550D0	130	7	12	0
8019504C_79C9383B	204	1	9	0
8019537C_4A2FF20E	203	1	7	0
801956A8_BDD1C168	222	2	7	0
80195A30_E6AF0454	247	3	8	0
801964A0_B5B8BBCB	171	2	7	0
80196754_46898E8D	600	1	7	0
801970B4_EBF25A27	247	2	7	0
80197754_AD236265	223	6	7	0
8019848C_74834940	84	4	12	0
8019A48C_E5B4FA0F	209	1	6	0
8019A7D0_51E89E22	208	1	6	0
8019AB10_D18573B3	200	10	10	0
8019B2BC_091C69DA	207	14	12	0
8019BD48_83914CB3	105	4	9	0
8019BFB0_EA44E346	164	1	6	0
8019C240_B491FD52	215	3	7	0
8019C674_503CDC22	205	8	9	0
8019CD2C_5982CC21	200	9	10	0
8019D260_DB28E814	209	12	10	0
8019EAF0_30541AE3	161	5	7	0
8019EE34_EFB277E8	230	4	9	0
8019F458_6326B308	207	5	12	0
8019F7D4_83838886	220	2	12	0
8019FB60_8832D791	117	1	10	0
8019FD34_FD481FE4	207	4	8	0
801A01B0_8444334A	220	5	9	0
801A0610_B8B66BBC	229	2	12	0
801A0A2C_72302650	210	4	8	0
801A1274_C7B62381	230	1	9	0
801A160C_79D156AF	130	4	9	0
801A1918_6D69000C	201	2	8	0
801A24B4_A06AC68B	140	6	12	0
801A279C_1830FE39	155	1	10	0
801A2A08_BB8EC992	203	2	7	0
801A2DD0_17BD589C	212	20	12	0
801A36E8_5D0C806E	207	4	9	0
801A3AD8_EF69D157	202	8	7	0
801A4D70_97E40514	169	8	12	0
801A5538_135E0E36	201	1	9	0
801A585C_F91981BD	125	1	9	0
801A6430_0AFC1B02	203	1	9	0
801A675C_0EA54593	200	3	9	0
801A712C_B019FDE5	203	14	10	0
802461FC_5EA6E928	222	6	10	0
8024669C_D31161CA	225	7	7	0
80246AEC_B6F9E36E	159	8	7	0
80246E70_4CDDCC1E	203	1	7	0
8024719C_FCF33F16	199	1	6	0
802474B8_31AA5959	182	2	6	0
80247B3C_5B54245A	156	2	7	0
80247F08_641534AD	200	5	7	0
802483B8_8AFEBAED	241	4	12	0
8024894C_F67CC589	204	5	7	0
80248D2C_FC782922	212	21	11	0
802491D0_45E8ADD6	198	9	9	0
80249744_CEA7908E	227	9	8	0
80249DF4_404D1350	214	13	9	0
8024A62C_4A7B47EE	213	9	16	0
8024ACF0_5F6DEBC2	244	14	11	0
8024B4A0_C4978A9F	205	17	11	0
8024BB1C_0DBB0428	238	8	10	0
8024BF58_88586FCE	202	24	10	0
8024D488_4093C857	203	7	12	0
8024D904_D7764A01	200	14	12	0
8024E358_6B2D6FFB	203	18	12	0
8024FF04_84957066	245	7	10	0
802507FC_E1C4A189	211	8	10	0
80250BEC_1CBABEBF	221	8	10	0
802510C4_DD210FB0	209	8	15	0
802514E0_F678CC89	203	11	12	0
80251920_13938966	205	12	12	0
80251D50_0B805B2A	210	9	12	0
80252220_6C5C404B	240	10	12	0
80252B40_2F31CE39	216	14	12	0
80253128_0E4ED5D7	200	12	11	0
802539E0_8086BAAA	217	6	12	0
80253E14_88B801F4	201	10	7	0
80254568_E4C1D353	205	13	10	0
80254A90_34FF7A05	236	6	12	0
80254F2C_87E082DC	230	12	12	0
80255AA4_050D6AAF	208	9	12	0
80255EB4_7EA219AD	202	6	12	0
802563A0_0E65BAC6	171	13	12	0
80256B14_65F40522	250	7	12	0
80257738_3BF51057	208	10	11	0
80257B94_ECCFD9FC	204	7	10	0
802594A0_4B6F7405	113	7	12	0
8025B11C_2E73BABD	186	1	9	0
8025B404_822EBE7A	204	8	12	0
8025D8BC_041BC160	242	12	12	0
8025E080_CE7EF0E9	187	10	12	0
8025E668_7928C6CC	214	6	18	0
8025EABC_739F41C4	226	16	12	0
80260A8C_C3708C04	216	20	12	0
80262C24_B60BF376	202	16	12	0
802637F0_E1CF45C9	209	20	10	0
80263F84_752CA372	203	7	12	0
802645A4_7B0A8F48	182	4	12	0
8026499C_288BCC1C	162	2	12	0
80264C40_8788D940	210	8	12	0
80265280_6CD0490A	205	6	12	0
80265670_D71ACA62	175	10	12	0
80265DF8_BD4D1C60	245	1	12	0
80266354_F45437F9	200	13	12	0
80266B94_24E10562	205	16	12	0
8026708C_DED01DBF	207	14	12	0
802687EC_AF5E0F64	217	18	12	0
802690B8_172C794E	216	18	12	0
80269BB0_485A2C17	213	19	12	0
8026A580_C0D9256E	237	9	12	0
8026B680_035F10A4	226	10	12	0
8026DD90_2B02EB10	200	17	12	0
80270018_E6BC4A6F	210	12	10	0
8027545C_BF67C1EB	213	20	12	0
802763C4_C0D85653	206	7	12	0
8027684C_30A6CBEA	210	9	10	0
802771B4_BA881D3B	218	5	10	0
802775B4_8C5A7823	236	11	8	0
80277D48_37987B09	214	15	10	0
80278120_06667282	203	7	11	0
80278504_B95A96E3	224	4	10	0
802788A4_362AABB2	206	7	10	0
80278E7C_734D6440	208	12	10	0
80278F98_944F4BAE	205	7	10	0
802794A0_E272F601	238	3	9	0
802799DC_4D47B3DF	104	7	9	0
8027A234_58CADB0D	208	16	10	0
8027AA20_43DA0915	156	7	9	0
8027AAD4_67047E1A	203	2	9	0
8027AEEC_0E7B48D1	143	6	7	0
8027B164_A76E1FAC	199	6	10	0
8027B688_948C145A	201	1	10	0
8027B9CC_410C8E18	177	1	9	0
8027BCBC_B309EC3F	213	4	7	0
8027BDF0_F9B90E67	214	4	9	0
8027C42C_EC19F70D	204	6	7	0
8027C840_4828112F	193	9	7	0
8027C8B4_FD68D829	206	2	10	0
8027CD98_AB268C8A	211	2	11	0
8027D13C_5FE85710	213	1	8	0
8027D4B4_C9C3C820	140	2	12	0
8027D6F4_EE22FB4B	216	2	7	0
8027DA6C_01589AEA	203	13	7	0
8027E0F4_5BF9C9C1	157	4	9	0
8027E3E0_E3FC3252	200	2	6	0
8027FB58_99F85922	217	6	12	0
80280148_F64445E1	237	4	12	0
80280630_3DAC6CF5	209	7	10	0
80280C28_7F0B2F75	224	15	12	0
80281244_9BEDB2AD	247	9	18	0
8028246C_BB4534D7	203	7	12	0
80283BE8_0EC76B0A	175	6	12	0
80283FA0_73D7C6C5	188	6	12	0
802843EC_E418A469	223	4	12	0
80284824_7384566C	208	8	12	0
8028526C_7E0A7497	240	5	10	0
80285964_3EACADF3	121	9	18	0
80285B9C_F0060E8E	206	6	9	0
80286224_C792694A	168	2	11	0
802864EC_D3493704	154	2	7	0
80286790_95A801B9	212	1	12	0
80286AE0_868C15A4	164	9	10	0
80286F30_56000ABE	212	1	9	0
80287288_FF9EECBB	204	5	9	0
802876B0_A4C88B00	182	8	9	0
80287BE0_12FB5EF2	172	5	12	0
80287EE8_A4CE39C4	237	1	8	0
8028829C_8B5C54B5	206	5	12	0
80288614_6E8AC660	206	10	12	0
80288BD0_C659095B	220	5	10	0
80289178_DB115DCF	207	18	18	0
802895D0_D1153451	220	10	12	0
80289AF4_21C237F7	173	13	12	0
8028A0EC_6D0619CA	214	1	12	0
8028A44C_4E01A8BB	211	5	12	0
8028A824_A9399200	201	4	12	0
8028AC28_F8F67EE2	208	7	12	0
8028B068_B6A73DD3	246	4	9	0
8028B724_7365E705	208	6	7	0
8028BBC8_21F5C05B	227	16	12	0
8028C344_7E10A4C4	240	10	12	0
8028CBF0_E328DB2F	230	4	12	0
8028D004_02FE781A	229	11	13	0
8028D408_B60FAAE5	204	17	10	0
8028ED78_869EE407	242	5	10	0
8028F440_AA99B5B2	47	5	10	0
8028F914_90605411	220	1	10	0
8028FC8C_0096E6C3	210	7	12	0
80290864_9EA741B4	170	4	7	0
80295BC4_D3CFADC6	160	1	7	0
80295E58_3F26958E	211	3	10	0
80297614_F583B111	189	1	6	0
80297908_F63DB92F	148	1	12	0
802984A0_99E52A7A	231	5	12	0
802991F0_B3983DFD	212	7	7	0
8029995C_636FB18C	217	6	12	0
8029A60C_6A1C1AE6	188	11	10	0
8029AF98_9F004E32	78	1	8	0
8029B0D8_E1DBACC0	235	1	10	0
8029B48C_410F09DC	59	2	7	0
8029B5B8_CB14E101	210	1	8	0
8029B900_645768AA	201	4	7	0
8029C770_8428031F	181	3	7	0
8029CA58_4D1DB597	244	4	10	0
8029CE48_A97C1180	212	2	9	0
8029D1D8_508824D0	197	8	11	0
8029D324_CB2397A6	232	2	10	0
8029D924_FFDB4C9B	245	12	10	0
8029E27C_1A4CC0D6	194	8	10	0
8029E76C_E0519B43	233	8	10	0
8029EDBC_CD90698F	224	9	10	0
8029F464_901A1B20	205	10	12	0
8029FB0C_4AF5D9C6	205	17	10	0
802A068C_09C5F6F1	191	8	12	0
802A0BDC_C6B05361	217	7	12	0
802A10F0_7DE86EE1	213	15	12	0
802A1E90_2780CB7A	191	9	12	0
802A2308_03C8CDE0	202	7	12	0
802A2748_C432A7BB	225	3	10	0
802A2F14_C5BFB55B	249	6	13	0
802A35E4_0AFC405E	204	12	12	0
802A41E0_51D427D4	228	13	12	0
802A4CD0_3E3CA865	200	15	10	0
802A719C_BD81B6E5	213	13	12	0
802A8F0C_6B817096	219	12	12	0
802AAD6C_F316A8F5	190	10	12	0
802ABBAC_39203254	188	5	12	0
802AC78C_7918724E	81	2	18	0
802AC8E0_D1293D83	194	1	9	0
802ACC00_3A2B3FC4	235	1	9	0
802ACFB8_BB00F5CC	207	5	12	0
802B0754_295A371B	218	5	12	0
802B1278_FBED4A07	163	15	8	0
802B9928_245AC199	185	4	18	0
802B9C30_0C9B83E5	210	9	9	0
802BFDE4_868F031B	196	9	12	0
802C2190_26E5020C	205	8	9	0
802C3884_D5D966B8	208	8	7	0
802C61C4_DF868A3C	249	9	12	0
802C9114_9D3DD4BF	163	5	12	0
802C93D0_DC6D34A1	152	1	12	0
802C9630_ED2D9708	201	6	12	0
802C9C84_930D0BB0	219	3	12	0
802CA014_DAC727E3	216	16	10	0
802CB0B0_536F274D	203	14	12	0
802CB88C_F2E66592	219	3	10	0
802CBC10_542FB2C7	224	8	12	0
802CBFE0_0068FB41	181	2	7	0
802CC3CC_B4F6171B	238	1	7	0
802CC798_3AC14695	203	3	9	0
802CCC48_467B145D	212	15	13	0
802CD55C_BD5C5E19	216	5	12	0
802CD928_18338506	166	12	18	0
802CDC40_ED9F0ED3	185	2	10	0
802CDF34_F5CCEDC9	222	3	9	0
802CE524_90F9443F	205	15	10	0
802CEAD8_BFCB790B	220	8	12	0
802CF060_0CCE9D19	235	18	12	0
802CF744_8693EAE7	174	4	18	0
802CFA1C_7CAE7197	213	1	10	0
802CFD78_46050906	201	6	10	0
802D024C_918E75CC	167	3	9	0
802D058C_76BC9EF1	164	1	7	0
802D0900_3BCDEFFB	211	4	10	0
802D0C74_A7C2938E	205	11	10	0
802D1320_8758B9E9	205	5	7	0
802D1898_DB512AF4	174	2	10	0
802D1B60_EA93B9DA	194	8	12	0
802D29C0_498F021E	184	15	12	0
802D2F04_5AE70E39	212	11	7	0
802D3B40_E7F4B2CB	194	6	12	0
802D3ED4_E73B11AC	117	1	9	0
802D40A8_0A0F0B88	206	1	10	0
802D43E0_F4D71D3D	175	2	12	0
802D4708_47B1C096	184	9	19	0
802D4A30_D0E1E501	207	1	9	0
802D4D6C_B83453C3	212	2	10	0
802D50CC_842FE216	201	5	10	0
802D5640_C10A8D80	205	11	10	0
802D5C78_4E029C04	204	11	15	0
802D60FC_B508112A	194	8	11	0
802D65B0_3F2AC952	201	5	11	0
802D6918_5702F806	192	12	7	0
802D6CD0_A2D93EC7	217	3	7	0
802D6F48_86723EDC	202	12	11	0
802D71AC_F6FACA57	185	5	12	0
802D7780_F8157E80	210	6	12	0
802D7BEC_271706D8	186	2	7	0
802D7F40_A5D9C4B6	224	9	12	0
802D88B4_B593B488	240	13	18	0
802D9070_F782BF24	200	5	12	0
802D9780_35EE309C	205	5	9	0
802D9B1C_92752C89	228	4	12	0
802DA05C_ED6C99FB	216	7	12	0
802DA498_D6E338DC	202	7	18	0
802DAD54_ADEDE83C	206	1	6	0
802DB350_BD518DE5	199	16	10	0
802E245C_39F25AC4	141	1	6	0
802E28EC_70003293	200	2	7	0
802E2CC0_E7BDC960	102	1	9	0
802E2E58_AAAEC267	248	1	7	0
802E3240_9DE5021A	201	8	12	0
802E370C_7BC1AE7B	212	7	7	0
802E3CB8_339CFF6B	216	12	12	0
802E443C_F383F33B	234	3	12	0
802E4CEC_1ECE5AC7	204	6	12	0
802E5104_89AA14DB	222	13	12	0
802E6DA0_C61AA062	236	13	12	0
802E77FC_EEB4F24B	97	9	7	0
802E8F68_4A570BC9	208	1	12	0
802E92B0_F4241C85	91	5	9	0
802E9444_12A00D6E	211	3	12	0
802EEA64_9FF66E23	218	10	12	0
802F08C4_E0ACA182	210	13	10	0
802F2F00_D712ED4F	205	18	7	0
802F4B78_33F66BD0	204	18	12	0
802F91B4_56CAFDC7	200	13	12	0
802FA6C4_B318FC52	204	15	10	0
802FB470_521640FA	215	10	18	0
802FF288_9E4CE64E	188	2	12	0
802FF600_46F14C6D	202	2	12	0
802FF96C_E6AC3389	226	13	12	0
803011F8_758F4DB5	229	8	9	0
80303848_CC528B97	93	2	7	0
80303A08_DAFE2903	211	2	12	0
80303D84_6191248C	225	5	12	0
80305D04_2AD49B40	187	8	12	0
80309EA8_A9F84401	209	12	12	0
80314014_82584DEA	212	20	11	0
80314BE0_E3B580BD	205	7	20	0
80314FE0_08725D0E	230	3	10	0
80315638_AF498AB5	216	10	12	0
80315958_C39D8B89	228	6	10	0
80315DA8_6C1DB925	200	6	10	0
80316470_1009C78F	189	8	12	0
80316D78_C8A9CCD1	126	5	9	0
80317128_29744522	210	3	10	0
803174A4_7C49326D	204	25	18	0
803177E0_64EB3B20	209	8	18	0
80317C44_046BCA18	210	5	17	0
803181EC_F573574B	231	5	10	0
80318520_7D2C4B92	236	3	10	0
803188F4_649C68CC	206	6	9	0
80318E38_C2AFD3DA	206	6	9	0
8031948C_F214CB12	56	3	9	0
8031958C_3904ABF7	226	1	9	0
80319A38_8EF0403D	214	16	16	0
80319E04_C728C5BC	211	19	18	0
80319E58_474F74E7	209	8	10	0
8031A6CC_5B24D135	243	16	10	0
8031AB78_2445A0B1	200	24	12	0
8031B1C0_0BD6EB42	213	15	18	0
8031B6A0_A847DD6C	222	10	11	0
8031B994_3B47FDC5	201	5	9	0
8031BD50_20860718	235	5	10	0
8031C3BC_95A4F4A0	203	21	12	0
8031C3E8_CBB67B80	211	22	12	0
8031CB44_472CD571	208	26	12	0
8031CF90_0CD3ADC7	141	12	11	0
8031D2C4_FB22D82C	224	14	12	0
8031D8F8_0DC84354	181	20	12	0
8031DF2C_743BEDEA	113	8	12	0
8031E1B0_D2FF935E	205	1	10	0
8031E5C0_E762E2A7	132	8	18	0
8031E9A8_1C6920A8	165	2	8	0
8031EC38_EC221301	117	4	9	0
8031EC40_368A99CC	1	1	3	0
8031ECE8_11685E91	224	6	10	0
8031F148_BBF41D63	204	18	16	0
8031F28C_2365E27E	247	7	12	0
8031F944_D83F9EF4	217	12	18	0
8031FD50_93DFBB95	204	17	12	0
8031FEB8_E092EAAF	200	11	12	0
803203DC_25C6E054	204	16	12	0
803207C0_C520E0B9	202	13	13	0
80321058_87207ACA	219	6	12	0
803217A8_E3685781	207	10	10	0
803218D8_C4E4B569	206	19	10	0
803224F0_9736F6A7	172	11	15	0
803225D0_A32383FD	203	7	18	0
80322940_84C5DCFE	223	13	18	0
80322E6C_4DAE024B	201	6	11	0
8032321C_D6DEFEE9	247	10	10	0
803236F0_920DCE5E	188	5	10	0
80323A60_9CBDC2FC	159	2	18	0
80323CEC_05DE9863	248	1	18	0
803240D0_27EABF3A	208	13	12	0
803246C0_62BBCCEA	208	10	10	0
80324C20_A1DDDA45	203	2	12	0
80324F5C_9E4C497F	215	12	13	0
803256E0_802E5E0B	204	5	10	0
80325970_10D5CBC4	209	14	18	0
80325FD0_5AA6BB80	206	8	11	0
803264A8_BD033593	203	20	10	0
80326E34_28C6A57F	155	12	10	0
803276B4_56C86ED9	204	8	10	0
80327B98_E19613E1	211	4	18	0
80327F14_AA18CFE4	201	17	9	0
803283F0_F94690E9	225	15	10	0
80328910_D3D46789	138	7	10	0
80328B90_2E4BC749	223	1	18	0
80328F14_47D1C587	140	9	18	0
803291F4_E743EB0D	225	2	18	0
80329588_B75F5C43	168	17	11	0
80329888_BDC91056	219	9	9	0
80378B2C_C25DFE40	223	6	12	0
80378F84_439CE057	196	1	8	0
80379294_3FF2BA78	107	1	7	0
80379440_8CD8894E	212	1	7	0
80379790_25B40F7E	96	1	7	0
80379918_E31B2636	215	1	8	0
80379C74_030A69DC	218	5	12	0
80379F60_A1A591F9	207	1	7	0
8037A434_399996B2	203	7	10	0
8037A69C_D9BE3051	185	3	12	0
8037A9A0_AA208E54	201	6	12	0
8037B474_3543BE50	216	11	10	0
8037B660_FD3DAE4E	230	9	10	0
8037BBDC_5587B88D	209	9	10	0
8037BF64_1165ACD7	202	7	10	0
8037C114_FFB26127	230	6	10	0
8037C780_884C2669	226	8	18	0
8037CC74_920B7BD1	131	5	7	0
8037CEE8_47054188	217	8	7	0
8037D1D0_901AF54A	233	4	7	0
8037D948_91B54177	164	5	12	0
8037DC84_32A5506A	194	7	10	0
8037DE34_468B92F9	211	6	11	0
8037E388_1884B13A	204	6	10	0
8037EB04_272F264F	215	6	10	0
8037EB98_2ED230CA	214	5	10	0
8037F100_5052F92A	206	10	11	0
8037F36C_D60ACEBD	196	1	18	0
8037F67C_7F1E377A	196	1	9	0
8037F994_3A204302	250	3	18	0
803801E0_A3FA99E3	192	8	7	0
80380690_5E873413	211	1	12	0
803809DC_B99724B7	225	4	12	0
80380DE0_83B28DEE	207	7	10	0
80381154_71D74CAD	218	11	12	0
8038155C_A57CF3FD	204	10	12	0
803819F4_6D2BF854	214	5	12	0
80381E8C_B8B9CD1A	248	6	12	0
8038289C_95E5AEB1	160	10	10	0
80382B7C_0A55E23E	243	2	12	0
80382F58_EF1D2292	172	3	10	0
80383220_405CAF6F	216	4	9	0
80383614_2852DF27	170	1	10	0
803838C8_A5870913	212	3	12	0
80383C70_7EE14924	203	14	12	0
803840A4_898AB404	207	14	10	0
803846C0_7DB069A6	217	9	8	0
80384F7C_C114634C	201	12	8	0
8038575C_3CA37252	200	4	8	0
80385AE8_642DEEAC	213	5	12	0
